id,out_number,in_number,call_date,call_duration,region_id
1,291423848,291424067,2018-01-21 10:55:25,2295,7
2,291423840,291423716,2018-01-24 14:26:54,1995,5
3,291423711,291424093,2018-01-22 11:01:45,1328,1
4,291424024,291423911,2018-01-26 23:31:02,3368,1
5,291423965,291423944,2018-01-09 07:08:35,2865,5
6,291423589,291423626,2018-01-14 09:56:34,1513,2
7,291424069,291424102,2018-01-18 02:47:43,2360,5
8,291423735,291423865,2018-01-24 13:49:26,495,2
9,291423872,291424117,2018-01-20 00:29:47,1790,5
10,291423863,291423622,2018-01-30 14:37:43,1103,5
11,291423757,291423860,2018-01-25 22:46:53,2210,2
12,291423904,291424072,2018-01-11 22:16:33,2675,2
13,291423689,291423697,2018-01-04 02:03:19,3437,2
14,291423911,291423953,2018-01-27 17:51:04,2372,5
15,291423753,291423924,2018-01-06 09:58:37,1327,1
16,291424008,291423723,2018-01-28 22:46:10,715,5
17,291423594,291424065,2018-01-22 21:28:53,2064,2
18,291423696,291423598,2018-01-09 18:41:28,1944,3
19,291423715,291423783,2018-01-09 16:30:59,2445,5
20,291423723,291423674,2018-01-11 11:02:03,1945,5
21,291423919,291423741,2018-01-15 11:04:32,106,2
22,291423747,291423661,2018-01-26 00:56:41,189,3
23,291423743,291423905,2018-01-28 23:00:47,248,2
24,291423783,291423903,2018-01-19 11:41:32,884,2
25,291424091,291423899,2018-01-08 22:43:52,1165,7
26,291423862,291424074,2018-01-24 05:20:09,1423,7
27,291423966,291423776,2018-01-26 14:51:37,1931,2
28,291424036,291423706,2018-01-21 00:09:23,1187,6
29,291424062,291423995,2018-01-05 09:52:09,3566,3
30,291423972,291423624,2018-01-07 02:30:03,2409,1
31,291424026,291423836,2018-01-26 07:27:44,1729,2
32,291424116,291423615,2018-01-04 19:20:24,3420,5
33,291423674,291424106,2018-01-01 23:19:59,3169,2
34,291423740,291424024,2018-01-14 13:40:14,2055,3
35,291423649,291424095,2018-01-04 15:24:51,3121,4
36,291423894,291423846,2018-01-27 08:04:24,1139,3
37,291423833,291423703,2018-01-15 08:58:07,507,7
38,291423925,291423759,2018-01-15 04:19:54,2013,7
39,291423940,291423769,2018-01-04 14:17:32,3102,6
40,291423803,291423980,2018-01-22 16:53:24,2161,1
41,291423974,291423842,2018-01-18 13:45:57,3201,4
42,291423780,291423603,2018-01-03 14:32:12,525,3
43,291424116,291424017,2018-01-06 13:09:03,3008,6
44,291423634,291423627,2018-01-29 21:42:10,537,3
45,291423910,291423795,2018-01-15 23:08:58,2184,5
46,291423595,291424056,2018-01-29 15:11:21,2105,1
47,291423925,291423602,2018-01-28 04:23:07,3070,1
48,291423957,291424045,2018-01-15 19:47:38,701,2
49,291423791,291424032,2018-01-13 19:44:18,998,3
50,291423657,291423835,2018-01-08 23:04:34,863,1
51,291424102,291424054,2018-01-19 02:27:50,3573,4
52,291423888,291423651,2018-01-30 20:38:20,321,6
53,291423762,291423738,2018-01-12 04:39:29,3154,1
54,291424121,291423735,2018-01-03 05:26:44,776,6
55,291423662,291424119,2018-01-09 02:26:01,2767,4
56,291423642,291423806,2018-01-05 15:42:02,2088,1
57,291423856,291423939,2018-01-20 16:22:08,496,6
58,291424110,291423855,2018-01-25 17:55:56,2481,7
59,291423596,291424098,2018-01-20 08:39:46,1816,6
60,291423854,291423972,2018-01-03 01:27:02,50,4
61,291423668,291424079,2018-01-27 16:18:06,1770,4
62,291424047,291423844,2018-01-06 11:28:44,3148,6
63,291424051,291423854,2018-01-20 12:44:24,1950,3
64,291423831,291424070,2018-01-28 02:39:34,1331,2
65,291423823,291424071,2018-01-06 22:29:52,1736,1
66,291424093,291423734,2018-01-21 19:59:35,1149,5
67,291423738,291423733,2018-01-21 19:39:16,3038,7
68,291424036,291423617,2018-01-14 23:56:19,1888,6
69,291423947,291423892,2018-01-15 20:39:50,1361,2
70,291423767,291423991,2018-01-01 20:05:30,1548,5
71,291424109,291423866,2018-01-07 14:57:39,2827,2
72,291423821,291423625,2018-01-25 23:38:16,1395,5
73,291423867,291423822,2018-01-16 07:36:21,2446,5
74,291423927,291423979,2018-01-20 21:35:30,99,6
75,291424067,291423746,2018-01-05 21:26:46,1800,1
76,291423759,291423660,2018-01-27 23:02:54,160,4
77,291424062,291423916,2018-01-24 10:02:03,2998,2
78,291423609,291423972,2018-01-01 06:19:59,332,1
79,291424112,291423765,2018-01-14 18:54:37,1000,1
80,291423688,291423873,2018-01-23 21:44:32,3359,1
81,291424037,291424067,2018-01-11 23:44:14,2781,7
82,291423768,291424107,2018-01-15 01:28:18,1129,5
83,291423612,291423890,2018-01-17 14:49:00,2412,2
84,291423772,291424014,2018-01-19 09:35:58,1192,6
85,291424005,291423609,2018-01-22 22:43:17,308,4
86,291423603,291423752,2018-01-17 11:11:18,2889,6
87,291424072,291423777,2018-01-02 23:15:12,1837,3
88,291423947,291423858,2018-01-28 06:11:51,3328,4
89,291423769,291423937,2018-01-12 09:30:08,3329,7
90,291423661,291423815,2018-01-19 12:30:35,534,1
91,291423753,291424002,2018-01-09 13:44:24,3361,4
92,291423910,291423776,2018-01-25 23:33:28,2405,3
93,291423729,291423947,2018-01-19 04:16:32,574,7
94,291423874,291423890,2018-01-06 10:18:33,1281,5
95,291423681,291423711,2018-01-09 12:47:18,2028,3
96,291423641,291423653,2018-01-06 12:15:30,1981,5
97,291423921,291423719,2018-01-14 06:24:22,527,6
98,291423883,291423999,2018-01-01 13:59:53,835,2
99,291423898,291423822,2018-01-07 18:02:15,822,7
100,291423947,291423984,2018-01-24 19:56:43,1117,5
101,291423874,291423833,2018-01-11 19:36:18,1289,6
102,291423955,291423733,2018-01-19 18:00:19,544,1
103,291423655,291423748,2018-01-14 21:01:02,1702,6
104,291423947,291423677,2018-01-25 09:51:59,173,2
105,291423702,291423902,2018-01-09 02:17:48,1629,5
106,291423603,291423694,2018-01-25 17:22:33,3363,3
107,291424026,291423687,2018-01-07 07:54:25,1178,4
108,291423785,291423842,2018-01-08 01:26:42,996,4
109,291424111,291424065,2018-01-13 04:11:49,1888,2
110,291423975,291423687,2018-01-08 06:51:52,3471,3
111,291423793,291424103,2018-01-25 02:42:32,2356,2
112,291423868,291423944,2018-01-17 01:07:03,172,6
113,291424123,291423974,2018-01-17 14:54:17,2297,1
114,291424061,291423622,2018-01-20 22:33:20,2166,6
115,291423960,291423790,2018-01-18 08:20:48,134,6
116,291423914,291423597,2018-01-15 07:15:56,3333,4
117,291423793,291423721,2018-01-23 20:43:45,1895,2
118,291424091,291423600,2018-01-14 23:50:36,3373,4
119,291424113,291424015,2018-01-29 02:17:16,1914,7
120,291424004,291423794,2018-01-29 00:59:39,3184,6
121,291424059,291423611,2018-01-18 10:29:47,2649,6
122,291423592,291423983,2018-01-17 04:51:03,2043,6
123,291423732,291424020,2018-01-18 13:19:03,1311,4
124,291423761,291423722,2018-01-03 04:04:45,3220,2
125,291423998,291423610,2018-01-03 12:51:22,1644,2
126,291423600,291423869,2018-01-30 00:17:33,2220,1
127,291423737,291423700,2018-01-08 01:58:26,3246,7
128,291424060,291423744,2018-01-15 06:40:53,855,7
129,291424014,291424022,2018-01-17 14:18:50,1146,5
130,291423908,291424051,2018-01-02 08:54:28,621,2
131,291423719,291423859,2018-01-09 15:40:55,3212,5
132,291423783,291423986,2018-01-07 04:04:17,970,1
133,291424055,291423999,2018-01-24 10:38:18,88,7
134,291424004,291423688,2018-01-20 04:37:07,1871,4
135,291424084,291423834,2018-01-03 22:37:50,1216,6
136,291423815,291424019,2018-01-03 20:49:57,3033,5
137,291423909,291423909,2018-01-17 08:35:48,3538,3
138,291424058,291423848,2018-01-26 23:48:46,1215,1
139,291424060,291424002,2018-01-26 21:56:47,1789,7
140,291423984,291423720,2018-01-14 10:27:51,1040,2
141,291424112,291423629,2018-01-12 07:08:51,1737,5
142,291424053,291423903,2018-01-19 09:33:25,959,2
143,291423739,291423889,2018-01-02 19:04:35,3014,1
144,291423827,291423695,2018-01-06 08:06:48,1080,6
145,291424079,291423948,2018-01-14 06:49:54,2364,6
146,291424056,291423832,2018-01-26 05:58:08,2455,1
147,291423912,291423762,2018-01-10 17:06:39,447,5
148,291424100,291423590,2018-01-20 17:06:38,1753,7
149,291423595,291424070,2018-01-01 16:16:20,2670,2
150,291423750,291424008,2018-01-30 12:32:14,3097,7
151,291423925,291423962,2018-01-24 11:32:46,1519,5
152,291423631,291423652,2018-01-10 00:45:28,3009,4
153,291423970,291424048,2018-01-27 14:18:02,251,6
154,291423635,291424001,2018-01-08 06:00:42,505,5
155,291424122,291423640,2018-01-30 11:42:56,2448,7
156,291423635,291423616,2018-01-23 03:37:43,1173,1
157,291423739,291423825,2018-01-17 07:14:41,3000,7
158,291423689,291423617,2018-01-16 17:00:32,1998,4
159,291423853,291423710,2018-01-27 02:43:29,2151,5
160,291424053,291423858,2018-01-04 22:55:46,2503,3
161,291423928,291424077,2018-01-17 09:33:19,3172,4
162,291424025,291423679,2018-01-29 10:24:39,257,7
163,291423694,291423727,2018-01-03 03:32:13,2464,1
164,291423903,291423935,2018-01-14 20:08:39,2055,3
165,291424056,291424026,2018-01-28 22:13:08,1893,5
166,291423933,291423658,2018-01-10 14:38:45,1578,1
167,291424086,291423590,2018-01-14 05:48:17,412,6
168,291423791,291423670,2018-01-11 04:45:57,339,3
169,291423945,291423714,2018-01-27 23:44:26,1400,7
170,291424090,291423710,2018-01-27 20:33:13,1723,2
171,291423621,291423971,2018-01-02 08:21:51,1157,3
172,291423985,291424050,2018-01-20 09:47:04,3302,3
173,291423705,291423948,2018-01-04 00:57:28,8,6
174,291423953,291423705,2018-01-23 02:41:21,812,7
175,291423766,291423796,2018-01-25 12:16:27,1811,6
176,291423730,291423809,2018-01-23 07:36:36,1174,5
177,291423861,291423926,2018-01-23 14:43:46,1906,6
178,291424064,291423947,2018-01-19 07:31:41,2465,6
179,291423791,291423905,2018-01-14 03:47:47,559,6
180,291423729,291424084,2018-01-10 06:24:59,1766,2
181,291423662,291423690,2018-01-10 02:49:36,60,1
182,291423901,291423787,2018-01-02 13:20:25,2765,4
183,291423827,291423779,2018-01-23 23:44:14,589,1
184,291423994,291424037,2018-01-21 23:59:55,2952,5
185,291423983,291424004,2018-01-27 19:40:02,1696,7
186,291424007,291423997,2018-01-21 08:06:39,3383,3
187,291423759,291424020,2018-01-16 14:19:20,232,3
188,291423737,291423944,2018-01-21 09:01:22,2932,5
189,291423804,291423968,2018-01-13 19:31:08,2435,7
190,291423607,291424008,2018-01-05 13:57:31,2019,4
191,291423833,291423719,2018-01-20 17:58:53,3181,2
192,291423774,291424081,2018-01-18 05:25:07,837,6
193,291423854,291423791,2018-01-26 17:21:29,726,1
194,291423646,291423821,2018-01-15 02:51:12,1174,7
195,291423990,291423697,2018-01-02 22:33:07,2526,4
196,291424104,291423631,2018-01-24 02:06:56,1575,2
197,291423949,291424031,2018-01-05 03:16:46,2149,4
198,291423824,291423735,2018-01-28 19:54:15,1586,1
199,291423926,291424009,2018-01-25 20:11:20,2690,4
200,291423600,291423951,2018-01-26 02:27:13,2242,5
201,291423756,291423692,2018-01-07 14:41:52,2803,4
202,291423676,291423948,2018-01-11 15:09:54,2485,2
203,291423628,291423706,2018-01-21 01:58:39,971,4
204,291423859,291423906,2018-01-27 13:57:52,905,6
205,291423707,291423698,2018-01-29 04:00:43,294,6
206,291423862,291423597,2018-01-08 06:55:16,3282,3
207,291424052,291423930,2018-01-22 14:31:46,1933,6
208,291423667,291423724,2018-01-22 00:28:51,999,6
209,291423873,291423672,2018-01-20 15:28:51,2422,6
210,291423664,291424115,2018-01-05 18:10:57,1884,4
211,291423915,291423644,2018-01-12 18:38:54,2553,4
212,291423993,291423721,2018-01-27 08:58:00,2095,2
213,291423760,291423885,2018-01-19 17:47:08,507,1
214,291423950,291424063,2018-01-16 10:03:41,59,6
215,291424036,291423591,2018-01-19 05:43:02,2557,4
216,291423783,291423634,2018-01-19 17:54:11,860,7
217,291423788,291423587,2018-01-09 13:55:31,1093,3
218,291423762,291423643,2018-01-21 11:05:38,2053,3
219,291423644,291423765,2018-01-12 14:16:12,1305,5
220,291423776,291423679,2018-01-25 14:09:28,1186,2
221,291423787,291423710,2018-01-08 07:49:24,1087,7
222,291423812,291423808,2018-01-18 23:24:54,21,5
223,291423755,291423776,2018-01-09 05:34:45,2875,3
224,291423783,291423836,2018-01-09 05:29:44,1038,6
225,291423969,291424111,2018-01-28 07:06:09,566,6
226,291423850,291423991,2018-01-10 01:37:40,3263,1
227,291423912,291423900,2018-01-30 23:42:26,2413,5
228,291424080,291423704,2018-01-17 20:37:18,2657,3
229,291423842,291423788,2018-01-25 23:47:31,310,2
230,291423593,291423661,2018-01-25 22:17:02,2924,4
231,291423948,291423755,2018-01-05 10:28:23,311,4
232,291423589,291423653,2018-01-14 09:44:44,1382,2
233,291424105,291424061,2018-01-13 06:45:55,3187,4
234,291423645,291423628,2018-01-08 21:33:36,774,6
235,291423750,291423782,2018-01-22 18:03:36,574,7
236,291424046,291423701,2018-01-22 07:02:44,1341,6
237,291423974,291423952,2018-01-06 03:22:52,639,2
238,291423687,291423660,2018-01-22 15:31:07,3321,5
239,291423662,291423753,2018-01-03 12:38:50,1564,6
240,291423935,291423966,2018-01-26 17:42:57,2847,3
241,291423825,291423700,2018-01-24 19:28:00,1292,7
242,291423777,291423593,2018-01-16 18:17:03,2695,3
243,291423605,291423674,2018-01-22 03:23:18,3358,6
244,291423952,291424112,2018-01-30 17:46:07,2886,4
245,291423714,291423940,2018-01-07 22:43:01,1765,3
246,291423753,291423842,2018-01-18 17:35:15,449,5
247,291424039,291424022,2018-01-11 19:21:41,1500,6
248,291423948,291423972,2018-01-15 17:38:24,3366,6
249,291424023,291423823,2018-01-05 12:20:43,1575,1
250,291423670,291423612,2018-01-02 22:17:16,2342,1
251,291423712,291424030,2018-01-15 04:08:42,1894,3
252,291423954,291424002,2018-01-24 14:59:16,1449,5
253,291423996,291423851,2018-01-21 02:14:58,422,6
254,291423985,291423817,2018-01-13 09:39:50,2791,5
255,291424048,291424002,2018-01-30 09:40:57,899,1
256,291423993,291424032,2018-01-26 12:03:33,1625,5
257,291423869,291423756,2018-01-05 22:43:37,151,2
258,291423968,291423652,2018-01-29 22:38:21,1287,7
259,291424046,291423914,2018-01-22 00:51:14,966,7
260,291423683,291423776,2018-01-25 13:07:49,2280,2
261,291423612,291423614,2018-01-17 02:53:36,185,6
262,291423669,291423966,2018-01-22 01:09:18,1720,3
263,291423649,291423940,2018-01-29 23:39:26,281,3
264,291423685,291423749,2018-01-05 05:38:15,373,7
265,291423857,291423877,2018-01-17 20:44:47,3185,4
266,291424097,291423980,2018-01-13 03:52:47,1107,7
267,291423659,291423782,2018-01-30 20:50:29,3136,4
268,291423961,291424079,2018-01-24 15:03:52,1355,1
269,291423605,291423830,2018-01-04 02:42:26,3215,4
270,291423595,291423931,2018-01-23 20:54:57,1006,1
271,291424001,291423845,2018-01-27 16:26:37,2057,2
272,291423808,291423840,2018-01-04 04:37:25,224,6
273,291424068,291423965,2018-01-18 08:43:03,965,4
274,291423839,291424056,2018-01-30 10:23:44,3450,2
275,291423860,291423686,2018-01-20 11:24:11,2731,2
276,291424004,291423833,2018-01-06 23:39:54,1060,1
277,291424100,291423842,2018-01-22 03:37:37,935,5
278,291423737,291423602,2018-01-18 13:43:17,2923,5
279,291424013,291423822,2018-01-18 09:39:32,153,1
280,291423687,291423790,2018-01-29 14:18:18,811,6
281,291423609,291423835,2018-01-01 07:13:18,995,2
282,291423937,291424023,2018-01-07 19:46:36,1543,5
283,291424039,291423659,2018-01-30 01:12:40,84,6
284,291423780,291424052,2018-01-11 14:39:43,1380,5
285,291423772,291424040,2018-01-02 10:19:42,1525,4
286,291423635,291424112,2018-01-20 08:10:33,710,3
287,291424034,291424019,2018-01-16 23:00:01,1763,5
288,291423630,291424011,2018-01-03 11:58:53,1998,6
289,291423678,291424079,2018-01-14 18:38:42,550,3
290,291423996,291424041,2018-01-05 06:07:43,2616,3
291,291423950,291424118,2018-01-02 00:26:25,1499,6
292,291423815,291424038,2018-01-24 06:13:54,162,7
293,291423820,291423773,2018-01-22 01:25:29,208,2
294,291424093,291423699,2018-01-13 01:26:40,957,2
295,291424084,291423804,2018-01-08 18:25:01,807,2
296,291423758,291423619,2018-01-29 16:26:44,581,1
297,291423940,291423720,2018-01-24 18:37:15,3574,7
298,291423628,291423869,2018-01-27 20:54:47,2663,1
299,291423605,291423738,2018-01-12 10:33:44,3342,5
300,291423626,291423782,2018-01-29 18:26:54,2394,2
301,291423651,291423782,2018-01-10 06:07:10,479,7
302,291424014,291423618,2018-01-27 13:52:49,660,5
303,291423695,291424018,2018-01-06 00:12:17,1781,7
304,291423674,291424078,2018-01-03 10:08:09,2466,2
305,291424122,291423833,2018-01-23 08:52:50,2200,5
306,291424102,291423948,2018-01-23 06:04:13,867,1
307,291423918,291423676,2018-01-20 13:57:06,812,4
308,291423603,291423715,2018-01-25 21:43:11,1192,4
309,291423763,291423597,2018-01-26 04:23:37,224,3
310,291424094,291423692,2018-01-25 10:59:11,703,2
311,291423916,291423916,2018-01-26 08:03:18,49,3
312,291423709,291423775,2018-01-25 17:15:56,1459,4
313,291423864,291423709,2018-01-13 03:28:14,2923,5
314,291423731,291423775,2018-01-22 06:22:21,479,5
315,291423759,291423914,2018-01-16 08:09:46,1424,4
316,291423941,291423746,2018-01-18 13:48:11,1838,6
317,291424119,291423892,2018-01-17 03:15:57,1498,5
318,291423727,291423888,2018-01-30 23:27:21,1989,2
319,291423734,291423867,2018-01-30 18:08:57,2103,4
320,291423767,291424121,2018-01-06 23:14:30,1190,7
321,291423930,291423760,2018-01-09 04:54:49,398,5
322,291424055,291424109,2018-01-04 06:21:32,574,4
323,291424065,291423925,2018-01-17 23:24:51,1199,3
324,291423730,291423865,2018-01-30 01:58:40,669,6
325,291423788,291423802,2018-01-04 23:16:51,153,3
326,291423840,291423787,2018-01-24 08:00:55,2878,6
327,291424076,291423939,2018-01-30 23:15:46,1190,5
328,291423769,291424035,2018-01-28 06:29:31,2224,2
329,291423901,291423701,2018-01-03 22:29:14,84,3
330,291423720,291423685,2018-01-06 22:43:48,1144,3
331,291424030,291423933,2018-01-23 16:00:14,3064,2
332,291423785,291423803,2018-01-13 04:08:39,1224,1
333,291423605,291423760,2018-01-21 12:24:01,2831,5
334,291423995,291423954,2018-01-23 11:07:49,1763,5
335,291424078,291423924,2018-01-03 23:09:46,3406,4
336,291423614,291424086,2018-01-21 05:33:40,1200,7
337,291423924,291423792,2018-01-24 03:56:23,2035,2
338,291424077,291424105,2018-01-20 23:50:45,2514,2
339,291423915,291423777,2018-01-12 07:48:41,2759,5
340,291423807,291424011,2018-01-06 09:58:12,1828,7
341,291423679,291423950,2018-01-15 10:53:39,1786,7
342,291423935,291424025,2018-01-14 18:17:41,2980,4
343,291424068,291423593,2018-01-05 04:31:16,1304,6
344,291423678,291423769,2018-01-15 18:00:35,455,5
345,291423879,291423589,2018-01-25 07:09:39,666,7
346,291423678,291423681,2018-01-17 09:07:39,2123,1
347,291423923,291423959,2018-01-06 07:20:45,2829,2
348,291423638,291423597,2018-01-20 15:19:44,1662,2
349,291423897,291424056,2018-01-11 15:07:25,2036,6
350,291424060,291423758,2018-01-23 14:11:13,3323,6
351,291424099,291423617,2018-01-23 00:34:21,703,4
352,291423657,291424012,2018-01-03 21:58:17,3351,2
353,291423588,291423851,2018-01-02 03:20:23,1602,3
354,291423966,291423659,2018-01-09 22:31:58,3136,4
355,291423689,291424114,2018-01-26 11:26:24,1521,2
356,291423653,291423939,2018-01-15 18:21:27,490,5
357,291423737,291423865,2018-01-14 08:53:46,3409,7
358,291423749,291423647,2018-01-06 03:53:50,1201,6
359,291424118,291424114,2018-01-24 18:13:55,1203,5
360,291423745,291423703,2018-01-07 13:57:00,1427,3
361,291423827,291423723,2018-01-05 15:56:20,2775,3
362,291424043,291423638,2018-01-24 01:39:21,280,4
363,291423778,291423605,2018-01-19 18:32:39,2976,4
364,291424074,291423598,2018-01-10 04:06:23,170,3
365,291423834,291423705,2018-01-11 13:18:03,1715,6
366,291424016,291423631,2018-01-05 22:23:54,2058,3
367,291423710,291423611,2018-01-10 02:39:20,3047,3
368,291423754,291423977,2018-01-30 12:57:54,2769,5
369,291423926,291423780,2018-01-29 11:27:25,995,5
370,291424122,291424021,2018-01-30 19:47:20,62,2
371,291423655,291423891,2018-01-25 12:09:21,2094,2
372,291424091,291423650,2018-01-13 14:59:43,585,2
373,291424091,291424081,2018-01-17 16:39:32,2178,6
374,291424054,291423675,2018-01-25 06:06:56,1124,1
375,291424041,291423902,2018-01-06 00:06:59,1503,1
376,291423798,291424115,2018-01-06 08:15:05,2500,2
377,291423710,291423599,2018-01-29 16:44:17,3245,6
378,291423814,291424079,2018-01-12 16:48:37,1358,5
379,291423752,291423871,2018-01-08 08:45:30,3560,4
380,291423947,291423775,2018-01-26 04:17:43,1268,5
381,291423955,291423825,2018-01-04 18:31:15,2220,5
382,291424008,291423588,2018-01-19 21:10:22,3395,6
383,291423643,291423718,2018-01-28 03:14:43,822,1
384,291423929,291424052,2018-01-01 09:44:51,536,5
385,291423673,291423863,2018-01-13 07:28:03,3249,4
386,291423923,291424093,2018-01-14 01:32:17,1722,7
387,291423592,291423953,2018-01-27 07:23:05,2607,5
388,291423923,291423937,2018-01-21 06:10:00,1428,3
389,291423951,291423624,2018-01-17 22:07:41,2329,3
390,291423936,291424078,2018-01-04 05:08:41,2227,7
391,291423672,291423989,2018-01-09 03:19:04,3538,5
392,291424024,291423721,2018-01-23 14:14:02,1188,4
393,291424047,291423742,2018-01-11 21:29:58,2553,3
394,291423863,291423988,2018-01-11 00:17:37,445,7
395,291423797,291423969,2018-01-15 09:17:16,3514,6
396,291423807,291423740,2018-01-07 08:21:37,1820,5
397,291423634,291423920,2018-01-04 22:18:59,2082,1
398,291424070,291423622,2018-01-13 19:47:37,2580,3
399,291423598,291423921,2018-01-12 04:38:21,1144,5
400,291423686,291423596,2018-01-13 21:41:13,1145,1
401,291424112,291423819,2018-01-13 09:15:39,3175,2
402,291424092,291423912,2018-01-03 12:18:55,1469,3
403,291424042,291423733,2018-01-30 04:39:32,3093,1
404,291423957,291423736,2018-01-11 04:53:40,15,2
405,291423887,291424111,2018-01-21 21:01:27,3184,5
406,291423692,291424111,2018-01-11 10:23:45,345,6
407,291423685,291423782,2018-01-26 16:49:42,663,5
408,291423735,291423936,2018-01-19 15:43:00,2801,3
409,291423922,291423680,2018-01-10 00:16:59,524,2
410,291423968,291424075,2018-01-14 18:17:05,3025,2
411,291423599,291423894,2018-01-22 14:01:31,1553,3
412,291423933,291424032,2018-01-01 08:19:21,49,6
413,291423641,291423591,2018-01-20 14:32:04,2669,4
414,291424022,291424020,2018-01-13 14:31:35,1704,4
415,291423793,291423777,2018-01-08 08:00:49,3415,6
416,291423974,291423982,2018-01-26 01:38:13,1381,6
417,291424072,291424087,2018-01-23 03:28:19,879,7
418,291423866,291424040,2018-01-20 05:16:29,45,2
419,291424103,291424041,2018-01-10 04:45:10,1368,3
420,291424027,291423801,2018-01-10 16:57:01,2298,5
421,291424023,291423681,2018-01-16 05:56:48,813,2
422,291424084,291423825,2018-01-16 22:06:54,3341,1
423,291423608,291424073,2018-01-27 01:30:05,2443,3
424,291423816,291424010,2018-01-01 02:12:25,1795,5
425,291424061,291423797,2018-01-20 06:49:32,765,4
426,291423618,291423669,2018-01-03 08:13:21,2312,6
427,291423672,291423913,2018-01-19 06:28:19,64,6
428,291423887,291424016,2018-01-27 22:29:33,397,5
429,291423803,291423627,2018-01-04 22:55:31,3325,6
430,291424000,291423884,2018-01-02 10:21:24,1598,1
431,291423715,291423639,2018-01-23 19:37:25,1128,2
432,291424056,291423999,2018-01-25 05:06:09,1052,3
433,291423964,291423620,2018-01-14 13:36:16,479,5
434,291423947,291423700,2018-01-28 11:59:28,2297,6
435,291423707,291423751,2018-01-18 15:07:08,3402,5
436,291424104,291423617,2018-01-05 15:49:57,3600,5
437,291424067,291423840,2018-01-26 10:20:24,3285,7
438,291423888,291423938,2018-01-09 18:31:07,3373,5
439,291423631,291423878,2018-01-30 16:29:01,2237,3
440,291423631,291423822,2018-01-25 14:34:02,2644,7
441,291423725,291424043,2018-01-24 14:33:11,188,2
442,291423813,291423766,2018-01-15 00:26:26,1385,1
443,291423949,291423995,2018-01-02 04:30:08,2472,1
444,291423654,291423776,2018-01-11 22:31:24,1735,6
445,291423857,291423880,2018-01-01 17:59:59,2404,4
446,291423985,291423624,2018-01-14 07:25:47,3248,1
447,291424107,291423759,2018-01-10 20:11:12,1198,2
448,291423694,291423760,2018-01-16 15:11:22,1531,6
449,291423809,291423887,2018-01-30 06:47:54,1691,4
450,291424013,291424023,2018-01-23 21:31:05,246,2
451,291423622,291423704,2018-01-24 06:49:16,157,5
452,291423862,291423803,2018-01-14 20:07:50,818,4
453,291423792,291423907,2018-01-22 13:23:44,1843,4
454,291423596,291423678,2018-01-02 16:15:20,1608,2
455,291423819,291424080,2018-01-03 06:29:20,2238,7
456,291423873,291423954,2018-01-01 15:40:52,734,4
457,291424085,291423891,2018-01-01 15:39:15,1556,7
458,291423897,291423714,2018-01-16 16:15:17,1696,7
459,291423712,291423735,2018-01-12 13:11:37,2348,5
460,291423893,291423997,2018-01-13 13:41:41,3470,3
461,291423685,291424034,2018-01-06 03:55:24,2122,3
462,291423975,291423878,2018-01-18 17:57:18,567,1
463,291423747,291423692,2018-01-18 04:47:56,1149,7
464,291424002,291424098,2018-01-14 01:09:51,2349,1
465,291423943,291424008,2018-01-01 22:26:29,3318,1
466,291423802,291423596,2018-01-13 13:19:26,2820,1
467,291423659,291423745,2018-01-08 04:10:10,1808,2
468,291424081,291423654,2018-01-21 10:32:55,506,1
469,291423830,291423603,2018-01-21 12:06:11,2431,2
470,291423906,291423993,2018-01-16 16:18:48,916,6
471,291423623,291423996,2018-01-03 09:05:53,830,7
472,291423967,291423658,2018-01-25 07:05:50,589,3
473,291423732,291423830,2018-01-25 21:24:45,1978,4
474,291423812,291423655,2018-01-03 18:30:35,2922,3
475,291423693,291423790,2018-01-11 11:30:05,3065,7
476,291423865,291423902,2018-01-08 14:32:32,1099,5
477,291423958,291423991,2018-01-08 14:51:22,3563,4
478,291423953,291423599,2018-01-05 15:17:27,918,3
479,291423734,291423789,2018-01-10 15:22:49,2713,3
480,291424119,291424037,2018-01-11 14:03:32,2786,5
481,291424008,291423611,2018-01-30 12:03:35,221,2
482,291424090,291424093,2018-01-15 00:06:44,1681,7
483,291423945,291423645,2018-01-15 19:33:42,2049,6
484,291423588,291424102,2018-01-03 10:14:53,2049,4
485,291423611,291423840,2018-01-21 15:21:23,3536,6
486,291423694,291423845,2018-01-13 04:31:03,2803,4
487,291423921,291423608,2018-01-08 22:47:46,1963,5
488,291423816,291423705,2018-01-05 14:31:45,2168,6
489,291423801,291423859,2018-01-24 01:52:48,1105,2
490,291423917,291423710,2018-01-29 11:29:29,1050,1
491,291423651,291423642,2018-01-27 06:55:22,3269,5
492,291424028,291423650,2018-01-11 01:16:04,1709,5
493,291424033,291423628,2018-01-10 19:56:17,980,7
494,291424115,291423919,2018-01-13 17:55:38,2029,7
495,291423905,291423900,2018-01-02 22:08:47,2817,1
496,291423877,291423937,2018-01-03 09:42:19,182,1
497,291423670,291424079,2018-01-23 01:27:31,2751,6
498,291424083,291423902,2018-01-07 15:06:23,1694,7
499,291423910,291423929,2018-01-25 17:31:04,1403,7
500,291423667,291424010,2018-01-13 17:38:14,3483,5
501,291424118,291423854,2018-01-04 14:43:11,1327,3
502,291423842,291423889,2018-01-10 19:20:43,3385,4
503,291423675,291423962,2018-01-01 02:44:14,2457,4
504,291423612,291423885,2018-01-08 03:26:49,1550,6
505,291424003,291423693,2018-01-07 09:01:56,1972,1
506,291423942,291423732,2018-01-14 04:19:51,2072,1
507,291423722,291423839,2018-01-12 05:52:10,3106,2
508,291424120,291423767,2018-01-13 14:21:42,1960,2
509,291423878,291423816,2018-01-30 02:11:50,541,7
510,291423604,291423937,2018-01-18 05:14:39,3006,3
511,291423782,291423805,2018-01-21 02:52:40,2654,1
512,291423623,291423964,2018-01-11 07:49:03,3006,4
513,291424051,291424088,2018-01-16 17:11:50,1934,6
514,291423949,291424039,2018-01-12 14:01:25,1589,1
515,291423701,291424099,2018-01-05 22:15:57,3157,4
516,291423854,291423954,2018-01-14 05:20:10,1074,4
517,291423811,291424045,2018-01-08 04:38:40,174,2
518,291423735,291423685,2018-01-24 11:44:55,2910,7
519,291423937,291423844,2018-01-17 18:51:46,1809,4
520,291423982,291423677,2018-01-29 00:28:11,3397,4
521,291424112,291423681,2018-01-28 02:23:26,1485,1
522,291424008,291423769,2018-01-15 20:26:57,2774,4
523,291423908,291423868,2018-01-18 15:11:49,417,4
524,291423592,291423867,2018-01-03 15:11:52,1435,1
525,291423827,291423865,2018-01-15 19:50:46,885,3
526,291424100,291424037,2018-01-20 20:01:07,3055,2
527,291423696,291423831,2018-01-03 08:09:33,3021,4
528,291423903,291423654,2018-01-05 05:59:49,1531,6
529,291424065,291423983,2018-01-15 02:26:56,1751,1
530,291423721,291423962,2018-01-13 06:53:42,898,2
531,291423682,291423846,2018-01-27 16:20:58,952,4
532,291423901,291423883,2018-01-06 03:23:23,2013,6
533,291424122,291423794,2018-01-25 23:49:30,2552,3
534,291423805,291424014,2018-01-27 21:17:05,2682,6
535,291423816,291423837,2018-01-12 08:20:54,2589,7
536,291423660,291423666,2018-01-17 13:58:10,1324,7
537,291423602,291424042,2018-01-23 13:46:02,3087,6
538,291423858,291423741,2018-01-10 07:29:23,872,5
539,291423866,291423624,2018-01-01 03:02:16,186,1
540,291423597,291424017,2018-01-03 06:04:18,36,7
541,291424062,291423617,2018-01-07 17:57:48,3108,4
542,291423870,291423718,2018-01-12 09:38:10,459,3
543,291423864,291423838,2018-01-12 09:46:36,2240,6
544,291423956,291423732,2018-01-30 04:28:51,266,6
545,291423927,291423651,2018-01-17 13:05:18,924,5
546,291423621,291423590,2018-01-11 20:12:06,1279,1
547,291423720,291423588,2018-01-07 18:30:38,1208,2
548,291424096,291423751,2018-01-22 17:43:04,1275,6
549,291424017,291423946,2018-01-22 19:16:50,2525,7
550,291423706,291423751,2018-01-19 22:44:53,2903,6
551,291423803,291423626,2018-01-06 05:19:19,2843,1
552,291424040,291424113,2018-01-25 16:51:59,3552,1
553,291423874,291423610,2018-01-03 06:36:48,2045,7
554,291424105,291423624,2018-01-06 08:53:27,1777,1
555,291423676,291423715,2018-01-29 06:09:35,3348,3
556,291423705,291423967,2018-01-28 12:29:53,826,4
557,291424071,291423750,2018-01-15 14:44:49,2350,7
558,291423948,291423756,2018-01-28 06:13:30,3238,4
559,291423781,291424110,2018-01-20 23:21:00,1632,5
560,291423636,291423698,2018-01-11 19:46:53,2062,1
561,291423792,291423780,2018-01-27 21:59:14,190,1
562,291423734,291423745,2018-01-12 14:40:03,1591,4
563,291424045,291423837,2018-01-02 20:04:09,1842,7
564,291423767,291423926,2018-01-17 21:41:18,309,6
565,291423689,291424027,2018-01-05 04:07:05,1156,5
566,291423935,291423954,2018-01-11 19:12:16,1432,6
567,291423774,291423623,2018-01-12 02:19:06,3077,7
568,291424102,291423879,2018-01-10 18:28:00,1563,4
569,291423615,291423690,2018-01-22 21:00:05,1716,7
570,291424098,291423911,2018-01-04 10:10:22,1846,2
571,291423905,291424063,2018-01-09 01:36:06,1145,1
572,291424123,291423767,2018-01-13 14:36:06,3248,2
573,291423911,291423824,2018-01-27 13:40:23,248,4
574,291424104,291423708,2018-01-15 18:05:08,2110,7
575,291424024,291423608,2018-01-16 13:25:05,1200,3
576,291424065,291423717,2018-01-06 20:14:53,2472,4
577,291423834,291424054,2018-01-02 06:33:00,1493,6
578,291423711,291423961,2018-01-09 18:34:42,378,6
579,291424096,291424064,2018-01-19 21:43:49,1405,3
580,291423700,291424009,2018-01-05 15:14:46,72,3
581,291423796,291423887,2018-01-02 22:19:34,3598,7
582,291423815,291424074,2018-01-28 00:37:47,800,7
583,291423974,291423769,2018-01-11 05:51:49,2270,6
584,291423957,291423927,2018-01-07 11:04:48,470,4
585,291423647,291423644,2018-01-20 22:07:01,243,2
586,291423981,291423980,2018-01-19 08:31:06,2915,6
587,291423638,291423684,2018-01-09 10:28:00,2748,3
588,291424063,291423727,2018-01-07 03:52:36,2579,1
589,291423686,291423872,2018-01-04 03:00:49,1144,2
590,291423735,291423700,2018-01-06 23:59:37,56,7
591,291423761,291423781,2018-01-10 06:06:57,1039,2
592,291424017,291423831,2018-01-26 04:24:06,2190,4
593,291423875,291423995,2018-01-27 21:04:46,3238,3
594,291423653,291423696,2018-01-26 01:56:11,3176,6
595,291423709,291423930,2018-01-21 11:10:28,637,2
596,291424002,291423975,2018-01-19 19:52:44,1944,7
597,291423910,291424017,2018-01-04 02:53:12,1316,4
598,291424120,291423681,2018-01-25 14:15:35,2013,5
599,291424058,291423632,2018-01-14 06:26:31,138,2
600,291423588,291424026,2018-01-21 02:08:43,1045,1
601,291424027,291423730,2018-01-07 10:58:48,1469,7
602,291423910,291423683,2018-01-13 02:20:42,1991,6
603,291424038,291423715,2018-01-17 22:53:41,2822,2
604,291423775,291424021,2018-01-16 08:24:54,2733,1
605,291423858,291423990,2018-01-25 14:47:59,1334,2
606,291423762,291424041,2018-01-08 03:40:11,1490,4
607,291423613,291423962,2018-01-24 10:53:27,2738,3
608,291424098,291423803,2018-01-05 15:46:39,954,5
609,291423805,291423690,2018-01-07 15:27:15,1563,4
610,291423955,291424048,2018-01-30 08:20:00,2080,1
611,291423898,291423975,2018-01-06 03:49:48,3586,4
612,291423851,291423927,2018-01-08 14:40:31,3022,6
613,291424119,291423832,2018-01-13 19:37:56,2083,3
614,291423970,291423770,2018-01-18 21:18:19,19,3
615,291423948,291423802,2018-01-23 22:59:31,2874,1
616,291423706,291423954,2018-01-17 02:00:51,182,1
617,291423667,291424111,2018-01-19 05:13:25,3375,1
618,291423937,291423991,2018-01-15 21:36:42,3430,1
619,291423650,291423736,2018-01-25 17:58:17,233,3
620,291423746,291423780,2018-01-27 15:26:12,726,7
621,291423877,291423865,2018-01-09 09:07:31,592,7
622,291423839,291423968,2018-01-21 19:44:43,1998,7
623,291423675,291423965,2018-01-29 02:10:55,3416,3
624,291424104,291423900,2018-01-02 11:49:24,103,2
625,291424091,291423748,2018-01-25 10:48:34,2674,7
626,291423976,291423765,2018-01-06 01:58:39,1170,3
627,291423749,291423706,2018-01-03 23:17:03,1024,2
628,291423920,291423777,2018-01-30 10:52:03,286,5
629,291424060,291423684,2018-01-21 19:51:58,80,6
630,291423698,291423712,2018-01-14 22:23:12,1309,4
631,291424106,291423861,2018-01-11 16:38:27,162,6
632,291423969,291423602,2018-01-25 18:01:41,432,5
633,291423889,291423820,2018-01-29 18:45:18,2816,3
634,291423955,291423825,2018-01-07 05:31:07,2067,3
635,291423943,291423627,2018-01-19 22:47:35,58,4
636,291423977,291424093,2018-01-04 00:24:58,3097,7
637,291424119,291424044,2018-01-23 15:05:45,2515,7
638,291423716,291423590,2018-01-01 09:00:08,1104,2
639,291423792,291423613,2018-01-25 14:44:47,842,2
640,291423948,291424105,2018-01-23 12:23:20,30,1
641,291423827,291423664,2018-01-02 09:09:45,2189,7
642,291423825,291424041,2018-01-13 04:28:32,44,4
643,291423615,291423598,2018-01-07 15:04:16,3175,4
644,291424002,291424015,2018-01-20 09:18:33,2324,5
645,291423679,291423637,2018-01-24 22:52:20,356,4
646,291423680,291423988,2018-01-05 13:09:28,1278,6
647,291423927,291423981,2018-01-17 17:12:01,1634,2
648,291423963,291423807,2018-01-06 15:31:02,2942,4
649,291423710,291423880,2018-01-19 09:32:07,1761,3
650,291423670,291424120,2018-01-01 14:12:34,3436,3
651,291424037,291424110,2018-01-14 04:04:50,3376,6
652,291423816,291424051,2018-01-13 11:31:04,3264,5
653,291424049,291424044,2018-01-13 14:06:16,3548,3
654,291424117,291423834,2018-01-17 08:51:03,1081,4
655,291423646,291424120,2018-01-18 03:09:46,692,4
656,291423859,291424105,2018-01-08 05:28:24,3007,3
657,291423931,291423741,2018-01-24 14:32:54,1629,6
658,291423890,291423976,2018-01-07 14:41:08,306,2
659,291423905,291423827,2018-01-11 09:53:06,280,2
660,291424070,291424071,2018-01-17 16:46:14,1201,4
661,291423923,291423868,2018-01-30 19:33:55,1134,5
662,291424090,291423856,2018-01-12 17:21:23,1524,4
663,291423945,291423765,2018-01-30 14:19:49,2290,6
664,291424120,291423856,2018-01-17 02:19:32,793,6
665,291423785,291423767,2018-01-13 15:19:44,1634,1
666,291424040,291424075,2018-01-21 21:31:38,2760,6
667,291423919,291423588,2018-01-12 18:58:16,1021,1
668,291423865,291423693,2018-01-25 16:53:55,507,1
669,291423910,291423605,2018-01-28 17:18:14,2269,6
670,291423858,291423968,2018-01-25 02:23:40,776,5
671,291424026,291423782,2018-01-06 02:24:04,508,7
672,291423733,291423697,2018-01-03 16:40:26,1634,3
673,291424092,291424007,2018-01-11 10:41:46,864,3
674,291424065,291423902,2018-01-16 14:33:42,639,5
675,291423812,291423909,2018-01-24 03:53:57,2405,6
676,291423753,291423653,2018-01-29 12:14:44,1077,2
677,291423876,291424040,2018-01-10 20:31:03,2864,7
678,291423871,291423703,2018-01-19 02:27:36,470,7
679,291423781,291423878,2018-01-02 17:33:42,1758,3
680,291423872,291424103,2018-01-29 11:17:47,461,7
681,291423718,291423757,2018-01-16 01:15:27,3328,3
682,291424056,291424083,2018-01-14 14:55:30,2918,3
683,291423724,291423611,2018-01-10 11:48:48,21,2
684,291423907,291423720,2018-01-14 13:04:30,1181,4
685,291423821,291423996,2018-01-26 09:14:02,2235,3
686,291423970,291423633,2018-01-07 14:51:22,3447,3
687,291423857,291423923,2018-01-02 11:14:13,3212,2
688,291424076,291424041,2018-01-14 07:16:36,1390,1
689,291423794,291423827,2018-01-29 06:43:12,2092,2
690,291424034,291423912,2018-01-30 21:42:34,648,2
691,291424041,291423956,2018-01-22 23:53:55,1008,5
692,291423930,291424025,2018-01-05 10:11:21,3097,2
693,291423791,291423640,2018-01-23 18:37:38,2313,5
694,291423855,291423760,2018-01-20 17:22:09,1438,7
695,291423951,291423995,2018-01-07 23:16:11,3549,3
696,291424073,291423977,2018-01-22 04:08:41,647,1
697,291424030,291423935,2018-01-06 06:06:33,1103,4
698,291423893,291423756,2018-01-06 17:03:45,1280,3
699,291423887,291424120,2018-01-05 07:49:00,2953,7
700,291423839,291424033,2018-01-24 00:50:31,1302,2
701,291423980,291423836,2018-01-13 08:03:39,1187,6
702,291423809,291423713,2018-01-13 08:39:29,3172,7
703,291423978,291423624,2018-01-12 16:59:38,669,6
704,291423856,291423782,2018-01-09 05:21:16,3017,6
705,291423634,291423590,2018-01-13 04:58:20,2009,7
706,291423904,291423794,2018-01-26 18:47:06,3529,5
707,291423817,291423981,2018-01-13 17:12:19,487,6
708,291423812,291423628,2018-01-22 23:50:58,2681,5
709,291423904,291423849,2018-01-12 10:42:52,380,5
710,291423652,291423632,2018-01-12 16:37:56,3222,4
711,291423866,291423802,2018-01-16 08:25:29,1846,7
712,291423897,291423797,2018-01-05 10:39:28,356,2
713,291423662,291424008,2018-01-12 09:53:30,3285,7
714,291423724,291424016,2018-01-13 01:58:14,1605,3
715,291423648,291424006,2018-01-29 06:19:51,1864,3
716,291423787,291424068,2018-01-04 10:41:09,81,5
717,291423790,291423937,2018-01-30 16:40:42,1133,6
718,291423635,291423702,2018-01-27 17:32:15,1797,4
719,291423925,291423788,2018-01-22 19:22:11,722,5
720,291423629,291423725,2018-01-12 09:34:45,719,4
721,291424123,291423825,2018-01-06 19:53:27,638,1
722,291423763,291423922,2018-01-24 22:45:01,996,4
723,291424015,291423902,2018-01-20 18:14:59,950,4
724,291423854,291423666,2018-01-02 02:51:56,1461,2
725,291424001,291423642,2018-01-12 07:17:33,1924,4
726,291423721,291423880,2018-01-29 12:24:11,524,5
727,291423643,291423801,2018-01-25 08:01:49,258,4
728,291423627,291424032,2018-01-29 16:44:35,2522,6
729,291423902,291423611,2018-01-14 16:47:46,121,1
730,291423729,291423770,2018-01-30 20:22:08,278,2
731,291424119,291424003,2018-01-22 21:07:08,2110,4
732,291423724,291423793,2018-01-07 07:03:10,423,3
733,291423697,291424123,2018-01-18 07:23:23,151,1
734,291424083,291423785,2018-01-15 19:03:15,2358,6
735,291423602,291423658,2018-01-25 21:08:08,1465,4
736,291423768,291423592,2018-01-22 11:09:50,2863,1
737,291424123,291423660,2018-01-13 07:07:11,2060,7
738,291424072,291424107,2018-01-10 17:58:48,2801,1
739,291423908,291424092,2018-01-20 03:31:54,2124,4
740,291423712,291424037,2018-01-10 17:40:14,573,1
741,291423815,291424067,2018-01-20 00:22:32,2737,3
742,291423726,291423934,2018-01-25 02:57:36,1554,2
743,291424007,291423773,2018-01-02 07:27:10,654,7
744,291423674,291423879,2018-01-05 02:21:06,255,5
745,291424022,291424118,2018-01-03 15:06:44,2631,6
746,291423983,291423883,2018-01-09 11:58:00,1566,1
747,291424084,291423974,2018-01-10 17:29:18,976,5
748,291423660,291423891,2018-01-24 21:45:55,3473,3
749,291423913,291423812,2018-01-09 07:00:14,2860,3
750,291423968,291423737,2018-01-30 03:00:43,1426,1
751,291423824,291424094,2018-01-04 16:23:43,443,6
752,291423993,291423828,2018-01-23 17:42:35,2420,7
753,291423945,291423973,2018-01-17 08:13:37,2718,7
754,291423614,291423847,2018-01-07 11:04:36,3338,5
755,291423819,291423724,2018-01-26 10:20:15,2007,4
756,291424046,291423885,2018-01-14 23:41:14,2281,6
757,291423887,291423642,2018-01-14 21:44:20,1184,6
758,291424103,291423800,2018-01-09 03:32:46,581,1
759,291423920,291423589,2018-01-27 14:54:25,3346,3
760,291423989,291423899,2018-01-02 18:51:01,1331,5
761,291423936,291423646,2018-01-10 08:53:44,1694,7
762,291423975,291423983,2018-01-02 18:15:03,2452,1
763,291423777,291423953,2018-01-01 06:31:46,134,1
764,291423906,291424035,2018-01-30 20:25:36,1164,7
765,291423925,291423952,2018-01-04 06:43:06,2117,5
766,291423799,291423726,2018-01-04 16:06:17,2639,1
767,291423962,291424069,2018-01-28 10:24:37,1736,1
768,291423810,291423663,2018-01-08 16:22:34,1809,3
769,291423873,291423647,2018-01-11 14:58:08,1752,4
770,291424028,291424015,2018-01-23 20:19:57,641,1
771,291423954,291423949,2018-01-06 02:00:07,3550,6
772,291424087,291423999,2018-01-20 09:06:55,674,6
773,291423707,291423785,2018-01-01 12:02:55,3268,2
774,291423619,291423852,2018-01-16 17:19:14,1816,1
775,291423883,291423682,2018-01-03 13:56:53,1813,3
776,291424086,291424056,2018-01-04 08:27:54,1611,5
777,291424054,291423819,2018-01-12 19:02:21,43,3
778,291424094,291423991,2018-01-27 17:45:46,1223,1
779,291424119,291423719,2018-01-22 01:13:52,1784,3
780,291423924,291423625,2018-01-07 12:22:02,1649,4
781,291423639,291423762,2018-01-19 23:35:56,205,7
782,291423920,291423602,2018-01-19 10:13:25,965,6
783,291423961,291423900,2018-01-30 18:45:59,47,6
784,291423915,291423760,2018-01-08 12:26:21,300,5
785,291423674,291423700,2018-01-19 10:27:58,1317,4
786,291423612,291423717,2018-01-05 07:58:46,2126,7
787,291423653,291424053,2018-01-02 02:41:00,2829,3
788,291424086,291423697,2018-01-23 11:11:35,1058,5
789,291423686,291424030,2018-01-19 10:52:49,464,6
790,291424071,291423600,2018-01-01 14:59:27,2473,5
791,291423742,291423635,2018-01-05 15:17:55,1272,2
792,291424023,291423946,2018-01-25 06:06:46,3163,2
793,291423712,291423670,2018-01-12 09:20:47,3563,2
794,291423873,291423693,2018-01-25 05:41:12,1627,4
795,291424034,291424069,2018-01-02 12:35:17,2878,2
796,291423590,291423658,2018-01-04 16:30:24,2442,3
797,291423596,291423929,2018-01-23 16:46:57,2653,6
798,291423732,291423669,2018-01-29 02:43:10,2285,7
799,291423603,291423684,2018-01-10 02:31:29,3422,1
800,291424023,291423588,2018-01-20 03:25:06,2482,3
801,291423770,291424031,2018-01-11 21:30:02,521,4
802,291424114,291423744,2018-01-20 19:21:45,2884,3
803,291423734,291423654,2018-01-18 17:24:00,1953,4
804,291423971,291424019,2018-01-26 14:06:16,1105,3
805,291424001,291423902,2018-01-23 23:36:05,2096,3
806,291423701,291424055,2018-01-15 03:44:39,531,7
807,291423720,291423631,2018-01-18 00:06:48,1961,5
808,291423872,291423839,2018-01-05 07:45:55,2144,2
809,291423727,291423865,2018-01-29 08:16:53,3173,4
810,291423746,291423739,2018-01-11 17:43:41,360,4
811,291423714,291423996,2018-01-06 12:13:42,2314,2
812,291423746,291423905,2018-01-26 22:18:30,828,2
813,291423686,291423880,2018-01-26 18:49:09,2020,4
814,291423928,291423697,2018-01-29 07:02:28,3515,2
815,291423764,291423997,2018-01-04 05:00:04,1993,7
816,291423861,291423976,2018-01-02 12:18:30,3334,1
817,291423813,291424009,2018-01-03 09:35:58,3061,7
818,291423949,291423708,2018-01-18 07:55:28,437,2
819,291423728,291423764,2018-01-05 12:46:43,3170,6
820,291423820,291423836,2018-01-11 00:00:02,1786,2
821,291423640,291423897,2018-01-06 22:04:08,773,1
822,291423760,291424059,2018-01-16 18:45:18,2295,2
823,291423609,291423733,2018-01-08 10:38:44,2238,4
824,291423867,291424060,2018-01-28 05:41:14,1068,4
825,291423628,291423630,2018-01-19 16:04:16,2957,2
826,291423631,291424076,2018-01-09 02:23:06,3563,6
827,291423622,291423669,2018-01-03 13:07:09,544,6
828,291423976,291423868,2018-01-24 09:09:29,2375,1
829,291423771,291423685,2018-01-14 22:11:01,2067,2
830,291423734,291423885,2018-01-01 18:09:53,1484,5
831,291423739,291423884,2018-01-17 21:43:36,2993,4
832,291423679,291424012,2018-01-13 13:02:58,775,2
833,291423765,291424030,2018-01-17 07:16:07,3232,6
834,291423981,291423615,2018-01-10 15:14:44,629,1
835,291423603,291423598,2018-01-04 01:17:16,2795,6
836,291423868,291423860,2018-01-29 01:02:02,1545,7
837,291423756,291423841,2018-01-20 20:48:23,3144,3
838,291424081,291423678,2018-01-07 11:46:42,641,2
839,291423862,291423695,2018-01-11 17:29:18,745,1
840,291423690,291423864,2018-01-24 12:28:33,2838,6
841,291423903,291423679,2018-01-30 23:35:29,2355,2
842,291423672,291424097,2018-01-18 04:56:51,3048,2
843,291423632,291423703,2018-01-24 18:34:42,2013,4
844,291423956,291423641,2018-01-22 22:15:36,2940,1
845,291424004,291424052,2018-01-13 21:52:59,2658,1
846,291423612,291423687,2018-01-21 12:11:33,1047,5
847,291423624,291423895,2018-01-20 08:11:29,163,5
848,291423673,291424058,2018-01-08 10:16:38,1079,2
849,291423606,291424109,2018-01-06 07:21:38,2886,3
850,291423947,291423608,2018-01-11 08:52:16,631,6
851,291424053,291423901,2018-01-12 04:52:48,1275,2
852,291423880,291423742,2018-01-01 09:00:03,2172,7
853,291424015,291423877,2018-01-07 14:09:08,47,1
854,291423915,291424033,2018-01-29 01:11:40,3551,4
855,291424009,291423626,2018-01-11 05:52:57,3055,2
856,291423754,291423632,2018-01-18 20:58:19,829,3
857,291423770,291423742,2018-01-02 19:11:26,2038,5
858,291423589,291423638,2018-01-20 13:26:32,2742,4
859,291423763,291423604,2018-01-26 03:28:08,785,6
860,291424009,291423796,2018-01-24 00:31:00,1304,5
861,291423802,291423884,2018-01-27 12:31:10,2881,3
862,291423973,291423952,2018-01-06 05:30:58,2750,5
863,291423609,291423773,2018-01-07 12:53:25,810,4
864,291423633,291424053,2018-01-20 02:42:40,372,5
865,291423675,291424120,2018-01-03 10:40:00,2437,7
866,291423709,291424031,2018-01-15 21:27:08,2401,5
867,291423934,291423606,2018-01-30 01:27:20,1148,5
868,291423788,291423913,2018-01-27 12:53:07,3038,3
869,291424039,291424079,2018-01-01 23:06:51,2215,4
870,291423708,291423659,2018-01-09 10:46:35,2717,3
871,291423969,291423983,2018-01-27 11:03:21,2827,6
872,291424034,291423976,2018-01-20 02:59:43,691,7
873,291423791,291423951,2018-01-28 17:54:27,1271,1
874,291423925,291423916,2018-01-19 14:49:15,648,1
875,291423883,291423952,2018-01-16 10:56:11,3278,5
876,291424092,291423762,2018-01-27 11:22:00,349,5
877,291423729,291423717,2018-01-24 09:02:26,2123,3
878,291423862,291424038,2018-01-14 18:59:42,103,2
879,291423732,291423996,2018-01-17 15:02:13,195,6
880,291423628,291423969,2018-01-25 14:21:34,3467,1
881,291424094,291423840,2018-01-18 23:10:15,1991,2
882,291423679,291423909,2018-01-01 05:50:58,684,5
883,291424020,291423776,2018-01-29 12:30:41,214,3
884,291423994,291423940,2018-01-24 21:04:42,2589,6
885,291423721,291423791,2018-01-10 20:30:50,1383,1
886,291423814,291423618,2018-01-08 01:22:58,1856,3
887,291424013,291423616,2018-01-01 00:06:28,1383,3
888,291423919,291423677,2018-01-02 12:53:12,916,6
889,291423719,291423805,2018-01-21 22:07:27,1266,3
890,291423695,291423814,2018-01-23 10:44:21,3375,4
891,291423701,291424041,2018-01-17 18:03:27,2938,7
892,291423691,291423644,2018-01-05 06:36:39,2283,6
893,291423730,291423608,2018-01-23 15:10:57,2193,7
894,291424102,291423880,2018-01-19 06:44:29,2697,1
895,291423693,291424084,2018-01-27 16:11:44,3565,4
896,291424100,291424097,2018-01-04 17:40:24,2581,1
897,291423627,291424017,2018-01-25 01:36:39,1117,3
898,291423857,291423611,2018-01-29 04:33:04,2824,6
899,291423886,291423629,2018-01-06 12:58:43,1176,5
900,291424111,291423844,2018-01-15 15:21:43,2695,5
901,291424043,291423694,2018-01-19 08:15:19,3297,6
902,291423864,291424122,2018-01-25 15:13:19,1002,3
903,291423614,291424004,2018-01-14 06:06:14,1980,3
904,291423971,291423685,2018-01-14 05:57:06,3189,1
905,291423655,291423601,2018-01-11 17:02:25,2797,6
906,291423987,291423640,2018-01-18 22:43:26,1666,2
907,291423849,291424020,2018-01-01 17:20:09,3170,6
908,291423826,291423769,2018-01-04 06:27:34,429,1
909,291423628,291424089,2018-01-24 11:16:12,2965,4
910,291424026,291423689,2018-01-26 21:17:38,2025,6
911,291423667,291423610,2018-01-04 21:09:30,1692,6
912,291423767,291423900,2018-01-17 01:39:14,87,3
913,291423682,291424038,2018-01-04 02:03:31,1321,6
914,291423684,291423688,2018-01-13 09:48:52,2877,3
915,291423733,291424070,2018-01-20 23:17:37,715,2
916,291424107,291423590,2018-01-24 23:34:23,136,3
917,291423690,291424011,2018-01-09 19:09:56,3167,1
918,291423828,291423758,2018-01-04 10:57:12,3260,4
919,291423936,291423819,2018-01-13 02:44:24,1988,6
920,291423887,291423769,2018-01-03 01:18:02,3554,3
921,291424105,291423998,2018-01-12 02:52:45,1596,2
922,291423851,291424074,2018-01-13 10:19:59,863,1
923,291423928,291423651,2018-01-10 11:35:37,1419,7
924,291423668,291423957,2018-01-07 09:15:28,3442,4
925,291423959,291424007,2018-01-14 07:34:10,1906,2
926,291423712,291423812,2018-01-05 14:20:14,2317,7
927,291423678,291423726,2018-01-14 18:00:49,124,2
928,291423663,291423720,2018-01-09 06:22:56,2817,1
929,291423594,291423957,2018-01-15 09:25:37,1344,7
930,291423749,291423757,2018-01-18 22:18:00,1699,2
931,291423949,291423743,2018-01-21 09:55:12,3542,1
932,291423715,291423925,2018-01-11 01:38:22,1299,4
933,291424098,291423616,2018-01-19 20:29:45,3083,3
934,291423806,291423961,2018-01-12 05:21:24,646,6
935,291423667,291424027,2018-01-26 01:16:32,1114,3
936,291423817,291423977,2018-01-01 11:59:50,1471,4
937,291423916,291424089,2018-01-10 17:39:00,3580,7
938,291423878,291424041,2018-01-06 04:35:47,733,1
939,291423695,291423952,2018-01-10 06:35:56,2774,4
940,291423882,291423791,2018-01-09 02:07:45,1802,3
941,291424040,291423897,2018-01-15 18:53:46,1428,5
942,291423773,291423589,2018-01-09 20:18:02,916,5
943,291423875,291423690,2018-01-24 04:12:26,3020,3
944,291424022,291423705,2018-01-15 07:09:59,3272,7
945,291423833,291424080,2018-01-27 10:49:03,2700,3
946,291423603,291423625,2018-01-12 05:58:12,343,6
947,291423628,291423955,2018-01-16 00:41:02,3185,5
948,291423835,291423880,2018-01-05 19:19:08,636,3
949,291424013,291423627,2018-01-23 00:07:53,2999,5
950,291423857,291424018,2018-01-08 18:09:00,1645,6
951,291423722,291423855,2018-01-17 10:20:32,1840,5
952,291424008,291424119,2018-01-25 16:55:20,695,6
953,291423661,291424104,2018-01-24 14:28:47,3143,1
954,291423754,291423805,2018-01-28 23:09:31,2181,3
955,291423818,291424009,2018-01-20 04:57:19,124,7
956,291423991,291423637,2018-01-29 00:21:13,408,7
957,291423914,291424031,2018-01-16 13:28:48,2505,3
958,291423821,291423812,2018-01-28 18:55:14,1432,5
959,291423806,291423844,2018-01-26 16:23:38,443,3
960,291423991,291423823,2018-01-13 04:22:16,1053,3
961,291424032,291423994,2018-01-27 00:24:20,3470,5
962,291423739,291423744,2018-01-14 01:02:40,501,3
963,291423975,291423682,2018-01-28 07:52:09,1623,6
964,291423923,291423744,2018-01-26 19:46:07,3378,3
965,291423850,291423904,2018-01-10 10:54:07,3495,3
966,291423995,291424041,2018-01-27 13:09:28,2606,6
967,291424102,291423921,2018-01-19 07:00:40,1038,1
968,291423751,291423935,2018-01-15 11:35:27,3059,1
969,291423888,291423674,2018-01-10 18:25:13,847,7
970,291423803,291423864,2018-01-06 00:51:01,866,4
971,291423879,291423645,2018-01-30 21:54:15,2026,3
972,291423872,291423701,2018-01-07 06:25:50,346,2
973,291423910,291423635,2018-01-21 14:17:56,580,5
974,291424116,291423651,2018-01-01 08:52:42,1344,7
975,291423788,291423808,2018-01-09 22:34:03,1758,5
976,291423592,291423829,2018-01-06 02:50:28,1961,7
977,291424091,291424090,2018-01-23 20:18:16,3227,7
978,291423690,291423673,2018-01-16 01:19:35,1706,1
979,291424039,291423939,2018-01-18 13:07:32,529,6
980,291423673,291423807,2018-01-03 02:53:37,310,3
981,291423764,291423777,2018-01-02 13:54:47,3061,4
982,291423991,291423943,2018-01-14 02:52:47,2093,3
983,291423966,291423874,2018-01-16 17:46:01,1489,4
984,291423648,291424083,2018-01-17 21:30:06,1811,2
985,291424085,291424099,2018-01-23 12:36:19,3398,2
986,291423652,291424100,2018-01-30 22:21:30,2801,5
987,291423935,291423969,2018-01-18 14:59:09,3327,5
988,291423674,291424093,2018-01-17 12:24:43,561,5
989,291423643,291423983,2018-01-20 03:50:06,1010,7
990,291423724,291423965,2018-01-30 23:49:03,901,7
991,291423791,291423870,2018-01-16 15:49:09,839,3
992,291423848,291423912,2018-01-11 12:02:36,1283,7
993,291423934,291423680,2018-01-25 22:45:03,1992,6
994,291423809,291423643,2018-01-13 04:46:55,903,4
995,291423621,291423794,2018-01-09 16:06:22,2477,7
996,291424049,291423852,2018-01-25 20:30:21,2443,1
997,291424065,291423689,2018-01-21 05:35:50,346,1
998,291423687,291423989,2018-01-16 14:56:40,1667,7
999,291423686,291423768,2018-01-08 08:51:45,381,4
1000,291423716,291423809,2018-01-21 03:21:05,3152,7
